0,-0.97999999999999998,0.059999999999999998,0.089999999999999997,4.8799999999999999,-4.21,-2.1299999999999999
0,-0.98199999999999998,0.059999999999999998,0.089999999999999997,4.8860000000000001,-4.1790000000000003,-2.1550000000000002
0,-0.98280000000000001,0.060999999999999999,0.092999999999999999,4.8124000000000002,-4.1631,-2.2015000000000002
0,-0.98251999999999995,0.059899999999999995,0.093700000000000006,4.6971600000000002,-4.1737900000000003,-2.2613500000000002
0,-0.98226799999999992,0.058910000000000004,0.093329999999999996,4.5754440000000001,-4.195411,-2.3032150000000007
0,-0.98404119999999995,0.058019000000000001,0.091996999999999995,4.4048996000000002,-4.1718698999999999,-2.3658935000000008
0,-0.98563707999999994,0.060217100000000003,0.08879730000000001,4.2024096400000008,-4.0956829099999998,-2.4343041500000009
0,-0.98707337199999989,0.060195390000000001,0.085917570000000013,3.9591686760000009,-3.9541146190000003,-2.4838737350000009
0,-0.98836603479999985,0.061175851000000003,0.082325813000000012,3.679251808400001,-3.7477031571000006,-2.5284863615000011
0,-0.98952943131999982,0.062058265900000006,0.080093231700000017,3.3663266275600012,-3.4519328413900006,-2.574637725350001
0,-0.99057648818799982,0.063852439310000009,0.082083908530000027,3.0236939648040013,-3.0887395572510008,-2.604173952815001
0,-0.99151883936919982,0.065467195379000004,0.084875517677000023,2.654324568323601,-2.6888656015259005,-2.6117565575335009
0,-0.99036695543227982,0.066920475841100002,0.086387965909300035,2.2728921114912408,-2.2799790413733105,-2.5945809017801507
0,-0.98933025988905188,0.068228428256990006,0.090749169318370029,1.9176029003421169,-1.8869811372359795,-2.5361228116021359
0,-0.98839723390014667,0.068405585431291008,0.09667425238653303,1.5548426103079052,-1.5152830235123815,-2.4715105304419223
0,-0.98655751051013196,0.069565026888161907,0.10400682714787973,1.2343583492771146,-1.2177547211611435,-2.4073594773977298
0,-1.0089017594591188,0.040608524199345714,0.12960614443309176,1.0069225143494032,-0.97397924904502908,-2.3316235296579571
0,-1.0040115835132069,0.051547671779411143,0.1266455299897826,0.8512302629144628,-0.73058132414052612,-2.2444611766921612
0,-0.99561042516188614,0.050392904601470029,0.13298097699080436,0.80910723662301653,-0.49852319172647352,-2.1600150590229452
0,-0.99104938264569753,0.048353614141323033,0.13868287929172393,0.88019651296071488,-0.30267087255382619,-2.0780135531206509
0,-0.98794444438112772,0.047518252727190735,0.14181459136255153,1.0661768616646434,-0.13840378529844355,-1.986212197808586
0,-0.98314999994301489,0.043766427454471665,0.14563313222629637,1.3985591754981792,0.015436593231400786,-1.8915909780277276
0,-0.97783499994871337,0.041389784709024505,0.15006981900366673,1.9177032579483613,0.11789293390826072,-1.7934318802249549
0,-0.97405149995384199,0.039250806238122056,0.15206283710330004,2.5669329321535255,0.18510364051743466,-1.7120886922024596
0,-0.97064634995845778,0.038325725614309851,0.15285655339297005,3.3532396389381729,0.19059327646569119,-1.6448798229822137
0,-0.96758171496261203,0.035493153052878867,0.15657089805367308,4.2559156750443563,0.15353394881912208,-1.5843918406839925
0,-0.9648235434663508,0.033943837747590987,0.15891380824830575,5.2693241075399211,0.12018055393720987,-1.5239526566155934
0,-0.96334118911971567,0.03254945397283189,0.16002242742347517,6.3703916967859291,0.096162498543488892,-1.4935573909540341
0,-0.96000707020774412,0.031294508575548705,0.16102018468112766,7.5443525271073364,0.062546248689139994,-1.4842016518586305
0,-0.95800636318696974,0.029165057717993836,0.15991816621301491,8.746917274396603,0.00129162382022599,-1.4877814866727674
0,-0.95520572686827276,0.028248551946194453,0.15992634959171342,9.9762255469569432,-0.083837538561796612,-1.5160033380054907
0,-0.9536851541814455,0.028423696751575009,0.15893371463254208,11.191602992261249,-0.17345378470561695,-1.5594030042049418
0,-0.95231663876330097,0.029581327076417509,0.16004034316928789,12.389442693035125,-0.29010840623505529,-1.6414627037844476
0,-0.95208497488697086,0.03162319436877576,0.16203630885235909,13.559498423731613,-0.42609756561154977,-1.7703164334060029
0,-0.95087647739827375,0.032460874931898184,0.1618326779671232,14.685548581358454,-0.64548780905039482,-1.9412847900654027
0,-0.94778882965844635,0.033214787438708371,0.1606494101704109,15.73499372322261,-1.0079390281453553,-2.1681563110588624
0,-0.95000994669260175,0.033893308694837532,0.16358446915336983,16.685494350900349,-1.3771451253308198,-2.4213406799529764
0,-0.88100895202334162,0.031503977825353781,0.17622602223803285,1.6939449158103148,-0.80043061279773786,-4.6612066119576792
0,-0.83090805682100755,0.026353580042818403,0.18560342001422958,-12.091449575770717,-1.787387551517964,-6.6460859507619121
0,-0.77381725113890687,0.029718222038536565,0.18604307801280662,-24.925304618193646,-4.2736487963661673,-8.3654773556857212
0,-0.72643552602501626,0.025746399834682909,0.18543877021152594,-36.908774156374278,-8.169283916729551,-9.8459296201171504
0,-0.68079197342251463,0.02317175985121462,0.18289489319037333,-48.193896740736854,-13.114355525056595,-11.038336658105436
0,-0.63571277608026322,0.021854583866093159,0.184605403871336,-58.752507066663171,-18.662919972550938,-11.940502992294894
0,-0.59314149847223696,0.025669125479483842,0.1611448634842024,-68.548256359996856,-24.522627975295848,-12.563452693065404
0,-0.55482734862501326,0.02710221293153546,0.15203037713578216,-77.760430723997175,-30.588365177766264,-13.002107423758865
0,-0.51834461376251195,0.032391991638381912,0.13582733942220396,-86.545387651597466,-36.931528659989638,-13.305896681382979
0,-0.47651015238626077,0.035152792474543719,0.11324460547998356,-94.920848886437724,-43.354375793990677,-13.487307013244681
0,-0.4468591371476347,0.034637513227089349,0.073920144931985204,-102.83776399779396,-49.427938214591606,-13.504576311920212
0,-0.41317322343287127,0.053173761904380418,0.069528130438786695,-110.26698759801457,-54.906144393132443,-13.349118680728191
0,-0.38985590108958418,0.062856385713942378,0.029575317394908027,-117.22828883821312,-59.756529953819204,-13.044206812655371
0,-0.36087031098062577,0.079570747142548151,0.013617785655417224,-123.81045995439182,-64.03087695843729,-12.623786131389835
0,-0.33678327988256324,0.088613672428293336,-0.022743992910124494,-130.04541395895262,-67.792789262593558,-12.111407518250852
0,-0.31910495189430693,0.097752305185464003,-0.042469593619112046,-135.93687256305736,-70.885510336334207,-11.528266766425768
0,-0.29919445670487627,0.1009770746669176,-0.071222634257200851,-141.45918530675164,-73.198959302700786,-10.869440089783192
0,-0.28327501103438868,0.10687936720022585,-0.095100370831480763,-146.63026677607647,-74.751063372430707,-10.105496080804873
0,-0.27094750993094985,0.11319143048020328,-0.1225903337483327,-151.51024009846884,-75.586957035187652,-9.2659464727243854
0,-0.25485275893785486,0.11487228743218295,-0.14533130037349942,-156.18221608862197,-75.741261331668881,-8.3393518254519474
0,-0.23436748304406937,0.12438505868896466,-0.15879817033614949,-160.63699447975978,-75.161135198501995,-7.3284166429067534
0,-0.21793073473966246,0.1249465528200682,-0.18191835330253456,-164.87829503178381,-73.663021678651802,-6.2175749786160779
0,-0.20413766126569621,0.12545189753806138,-0.20372651797228111,-168.90246552860543,-71.223719510786637,-5.0288174807544701
0,-0.19372389513912661,0.13490670778425523,-0.215353866175053,-172.72521897574489,-67.942347559707969,-3.818935732679023
0,-0.18435150562521396,0.13641603700582972,-0.2408184795575477,-176.40969707817041,-63.977112803737171,-2.6440421594111205
0,-0.17491635506269257,0.14477443330524675,-0.24773663160179293,-180.00072737035336,-59.414401523363459,-1.5386379434700084
0,-0.16142471955642332,0.14529698997472207,-0.26996296844161366,-183.47665463331802,-54.301961371027112,-0.50677414912300767
0,-0.14628224760078098,0.15876729097724987,-0.27996667159745231,-186.81198916998622,-48.6827652339244,0.38490326578929318
0,-0.14665402284070289,0.15789056187952488,-0.30697000443770706,-190.01479025298761,-42.588488710531962,1.1754129392103638
0,-0.15298862055663259,0.16310150569157239,-0.31227300399393632,-193.12331122768887,-36.164639839478767,1.8748716452893275
0,-0.15368975850096933,0.17679135512241514,-0.32804570359454266,-196.19498010491998,-29.603175855530893,2.5533844807603949
0,-0.15232078265087243,0.18411221961017363,-0.32324113323508841,-199.19148209442801,-22.904858269977804,3.2250460326843555
0,-0.1540887043857852,0.18570099764915626,-0.33791701991157957,-202.10133388498522,-16.041372442980023,3.9575414294159201
0,-0.15867983394720669,0.17713089788424066,-0.34012531792042161,-204.92820049648671,-9.0352351986820203,4.7387872864743281
0,-0.15981185055248603,0.16741780809581661,-0.34311278612837942,-207.69738044683805,-2.052711678813818,5.5939085578268948
0,-0.16183066549723743,0.17067602728623493,-0.33180150751554149,-210.53764240215423,4.7315594890675641,6.467517702044205
0,-0.16064759894751368,0.16360842455761146,-0.33062135676398741,-213.4348781619388,11.282403540160807,7.3577659318397846
0,-0.15758283905276232,0.15124758210185033,-0.32555922108758872,-216.31739034574491,17.684163186144726,8.2739893386558059
0,-0.15582455514748611,0.14112282389166531,-0.3180032989788299,-219.16765131117043,23.945746867530254,9.1905904047902265
0,-0.1612420996327375,0.12601054150249877,-0.30820296908094691,-222.06188618005339,30.002172180777229,10.088531364311205
0,-0.15611788966946377,0.12040948735224891,-0.3063826721728522,-225.01469756204804,35.763954962699508,10.920678227880085
0,-0.15350610070251741,0.11836853861702401,-0.29774440495556703,-228.05022780584324,41.150559466429556,11.669610405092076
0,-0.14915549063226569,0.11453168475532161,-0.29496996446001034,-231.19620502525891,46.248503519786603,12.34364936458287
0,-0.14823994156903914,0.11307851627978946,-0.29347296801400935,-234.33858452273302,51.123653167807944,12.969284428124585
0,-0.14841594741213521,0.10577066465181052,-0.28612567121260846,-237.50272607045974,55.865287851027148,13.593355985312126
0,-0.15457435267092168,0.098193598186629469,-0.27851310409134766,-240.77645346341379,60.345759065924433,14.216020386780915
0,-0.1601169174038295,0.090374238367966528,-0.27566179368221294,-244.11380811707241,64.421183159331989,14.879418348102824
0,-0.16210522566344654,0.083336814531169881,-0.26309561431399164,-247.52542730536518,68.162064843398781,15.629476513292541
0,-0.17489470309710189,0.066003133078052903,-0.26578605288259249,-251.02888457482868,71.534858359058902,16.444528861963288
0,-0.17940523278739171,0.056402819770247609,-0.24920744759433325,-254.56599611734583,74.576372523153026,17.343075975766961
0,-0.18846470950865254,0.044762537793222854,-0.24028670283489995,-258.20739650561126,77.112735270837732,18.260768378190267
0,-0.19261823855778729,0.031286284013900566,-0.23225803255140998,-261.98465685505016,78.895461743753955,19.12969154037124
0,-0.20135641470200855,0.01515765561251051,-0.218032229296269,-265.87719116954514,79.968915569378552,19.960722386334115
0,-0.21022077323180768,0.01064189005125946,-0.20922900636664213,-269.83247205259062,80.374024012440699,20.738650147700707
0,-0.21719869590862692,-0.0024222989538664856,-0.20830610572997793,-273.85522484733156,80.275621611196641,21.512785132930635
0,-0.22247882631776422,-0.007180069058479838,-0.19447549515698015,-277.96370236259838,79.589059450076974,22.257506619637571
0,-0.23423094368598782,-0.019462062152631854,-0.18202794564128214,-282.22233212633853,78.215153505069267,22.921755957673813
0,-0.23180784931738904,-0.019515855937368667,-0.17382515107715393,-286.59809891370469,76.363638154562338,23.55058036190643
0,-0.24362706438565015,-0.035564270343631799,-0.16144263596943856,-290.99928902233421,74.056274339106096,24.140522325715789
0,-0.24426435794708515,-0.039007843309268618,-0.14929837237249471,-295.44236012010083,71.35764690519548,24.641470093144211
0,-0.24683792215237663,-0.042107058978341758,-0.13936853513524525,-299.92212410809077,68.300882214675923,25.061323083829791
0,-0.24815412993713895,-0.047896353080507582,-0.13543168162172073,-304.42991169728168,64.757793993208338,25.396190775446815
0,-0.25033871694342508,-0.053106717772456825,-0.11688851345954865,-308.99892052755354,60.788014593887503,25.655571697902133
0,-0.25430484524908259,-0.058796045995211148,-0.11019966211359379,-313.58102847479825,56.483213134498754,25.86401452811192
0,-0.25787436072417436,-0.063916441395690027,-0.09917969590223441,-318.11292562731842,51.968891821048878,26.094613075300728
0,-0.25408692465175692,-0.072524797256121015,-0.094261726312010977,-322.62463306458659,47.351002638943989,26.333151767770655
0,-0.25067823218658125,-0.070272317530508915,-0.085835553680809876,-327.14216975812792,42.603902375049593,26.553836590993591
0,-0.24761040896792313,-0.078245085777458021,-0.086251998312728881,-331.5559527823151,37.849512137544636,26.697452931894233
0,-0.25084936807113084,-0.087420577199712218,-0.079626798481455999,-335.96135750408359,33.137560923790176,26.74770763870481
0,-0.26176443126401777,-0.12167851947974101,-0.078664118633310409,-340.30422175367528,28.76280483141116,26.69493687483433
0,-0.25558798813761602,-0.12251066753176691,-0.088797706769979376,-344.49379957830774,24.660524348270044,26.562443187350897
0,-0.25002918932385443,-0.11825960077859021,-0.081917936092981439,-348.62341962047697,20.853471913443041,26.296198868615807
0,-0.24102627039146901,-0.11843364070073119,-0.072726142483683295,-352.72407765842928,17.457124722098737,25.940578981754228
0,-0.23892364335232211,-0.11359027663065807,-0.07745352823531497,-356.68366989258641,14.473412249888863,25.474521083578807
0,-0.23303127901708989,-0.11723124896759227,-0.089708175411783483,-360.4783029033278,12.154071024899977,24.939068975220927
0,-0.22672815111538092,-0.10950812407083305,-0.093737357870605137,-364.17447261299503,10.590663922409979,24.378162077698835
0,-0.22405533600384281,-0.10955731166374974,-0.10536362208354463,-367.76902535169552,9.4945975301689796,23.751345869928951
0,-0.20964980240345854,-0.094601580497374771,-0.090827259875190164,-371.24212281652598,8.9411377771520826,23.077211282936055
0,-0.20568482216311268,-0.088141422447637299,-0.094744533887671151,-374.67891053487335,8.8460239994368735,22.342490154642451
0,-0.19711633994680142,-0.080327280202873566,-0.090270080498904046,-377.98501948138602,9.2114215994931854,21.486241139178208
0,-0.19740470595212128,-0.075294552182586211,-0.08624307244901365,-381.1435175332474,10.089279439543867,20.569617025260388
0,-0.19066423535690918,-0.07076509696432759,-0.10561876520411229,-384.21816577992269,11.342351495589481,19.488655322734349
0,-0.18759781182121826,-0.064688587267894837,-0.10705688868370106,-387.2293492019304,13.001116346030532,18.283789790460915
0,-0.18883803063909643,-0.063219728541105358,-0.12335119981533096,-390.18941428173736,14.95100471142748,16.925410811414825
0,-0.18895422757518682,-0.066897755686994825,-0.13301607983379787,-393.04847285356362,17.333904240284731,15.445869730273342
0,-0.19005880481766813,-0.070207980118295349,-0.14371447185041808,-395.80462556820726,20.21051381625626,13.871282757246009
0,-0.19305292433590132,-0.061187182106465815,-0.1493430246653763,-398.49816301138657,23.463462434630635,12.173154481521408
0,-0.19974763190231118,-0.062068463895819236,-0.15940872219883867,-401.16034671024789,27.062116191167572,10.382839033369267
0,-0.19977286871208005,-0.050861617506237314,-0.17446784997895481,-403.75731203922311,30.904904572050814,8.4725551300323403
0,-0.20279558184087204,-0.044775455755613584,-0.16902106498105934,-406.2775808353008,34.973414114845731,6.4662996170291063
0,-0.20151602365678484,-0.024297910180052229,-0.17111895848295344,-408.70482275177073,39.293072703361162,4.3746696553261959
0,-0.20236442129110635,-0.018868119162047007,-0.17500706263465809,-411.06034047659369,43.765765433025045,2.1632026897935765
0,-0.20512797916199571,-0.028981307245842306,-0.19550635637119229,-413.43030642893433,48.20618888972254,-0.18711757918578087
0,-0.20261518124579614,-0.0090831765212580733,-0.16795572073407306,-415.78227578604088,52.592570000750285,-2.6564058212672026
0,-0.20135366312121655,0.0058251411308677357,-0.19016014866066577,-418.0820482074368,57.05931300067526,-5.1587652391404824
0,-0.2062182968090949,0.0072426270177809622,-0.1771441337945992,-420.41384338669309,61.316381700607735,-7.7648887152264345
0,-0.21259646712818542,0.022518364316002865,-0.20042972041513929,-422.75645904802383,65.36774353054696,-10.458399843703791
0,-0.21933682041536687,0.016266527884402578,-0.19838674837362535,-425.11481314322145,69.153969177492257,-13.186559859333414
0,-0.24040313837383021,0.0086398750959623214,-0.20354807353626281,-427.54833182889934,72.732572259743023,-15.946903873400071
0,-0.25536282453644721,0.020775887586366091,-0.19319326618263655,-429.93949864600944,76.227315033768718,-18.687213486060063
0,-0.25082654208280247,0.039698298827729482,-0.21287393956437289,-432.3295487814085,79.415583530391842,-21.477492137454057
0,-0.25374388787452223,0.037728468944956538,-0.22058654560793561,-434.73659390326765,82.376025177352659,-24.25074292370865
0,-0.26436949908707003,0.034955622050460884,-0.23452789104714206,-437.12893451294087,85.022422659617391,-26.935668631337784
0,-0.27493254917836302,0.044460059845414804,-0.22107510194242785,-439.55604106164679,87.233180393655658,-29.510101768204006
0,-0.28243929426052672,0.052014053860873322,-0.23196759174818507,-442.0454369554821,89.082862354290086,-31.955091591383606
0,-0.28319536483447405,0.051812648474785991,-0.24277083257336657,-444.51189325993391,90.394576118861082,-34.302582432245245
0,-0.29687582835102666,0.045631383627307391,-0.2414937493160299,-446.90170393394055,91.318118506974969,-36.518324189020717
0,-0.30118824551592405,0.04606824526457666,-0.23034437438442693,-449.27253354054653,91.79630665627748,-38.579491770118651
0,-0.30406942096433165,0.055461420738118994,-0.22930993694598423,-451.6742801864919,91.781675990649745,-40.495542593106791
0,-0.30566247886789855,0.053915278664307092,-0.23437894325138581,-454.04385216784272,91.255508391584769,-42.232988333796115
0,-0.30709623098110872,0.054523750797876386,-0.21194104892624724,-456.45646695105847,90.275957552426291,-43.789689500416507
0,-0.31338660788299783,0.055071375718088747,-0.22674694403362253,-458.85982025595263,89.028361797183663,-45.099720550374855
0,-0.32204794709469808,0.050564238146279875,-0.23407224963026027,-461.19983823035739,87.405525617465301,-46.199748495337367
0,-0.32584315238522826,0.033507814331651883,-0.22766502466723426,-463.60385440732165,85.426973055718776,-47.079773645803634
0,-0.33225883714670545,0.035157032898486693,-0.23589852220051083,-466.12146896658948,83.073275750146905,-47.731796281223268
0,-0.33203295343203487,0.028641329608638025,-0.23430866998045974,-468.66132206993052,80.32094817513223,-48.123616653100939
0,-0.33282965808883136,0.021777196647774222,-0.23087780298241378,-471.29518986293749,77.361853357618998,-48.232254987790846
0,-0.33854669227994827,0.012599476982996799,-0.25279002268417239,-474.01367087664374,74.308668021857102,-48.055029489011766
0,-0.33869202305195345,0.0013395292846971173,-0.26051102041575513,-476.74630378897939,71.194801219671405,-47.584526540110588
0,-0.33382282074675806,-0.009794423643772596,-0.25545991837417964,-479.60867341008145,68.04532109770426,-46.893073886099529
0,-0.32744053867208228,-0.021814981279395337,-0.30491392653676169,-492.62980606907337,62.673788987933833,-46.544766497489576
0,-0.31569648480487406,-0.042633483151455806,-0.36342253388308554,-504.99482546216603,57.51041008914045,-47.067289847740618
0,-0.3071268363243867,-0.055370134836310231,-0.38408028049477699,-516.89734291594948,53.558369080226406,-47.951560862966559
0,-0.28641415269194803,-0.058833121352679207,-0.42767225244529933,-527.37260862435448,52.135532172203767,-48.699404776669901
0,-0.28077273742275327,-0.089949809217411289,-0.45390502720076942,-536.81834776191909,52.866978954983395,-49.469464299002915
0,-0.27569546368047798,-0.095954828295670161,-0.47451452448069248,-545.78851298572715,54.65328105948506,-50.772517869102622
0,-0.26512591731243018,-0.097359345466103142,-0.51506307203262325,-554.11866168715449,56.931952953536552,-52.585266082192362
0,-0.24661332558118718,-0.11062341091949283,-0.52755676482936087,-561.97479551843901,60.628757658182899,-54.606739473973128
0,-0.24995199302306845,-0.12256106982754356,-0.55580108834642483,-569.26531596659515,66.309881892364615,-56.616065526575817
0,-0.24495679372076162,-0.13630496284478921,-0.58022097951178231,-575.67378436993567,73.251893703128161,-58.728458973918237
0,-0.25346111434868546,-0.13067446656031029,-0.60419888156060408,-581.77140593294212,80.524704332815347,-61.075613076526416
0,-0.25411500291381695,-0.13960701990427926,-0.63177899340454369,-587.85026533964788,87.716233899533819,-63.572051768873777
0,-0.25270350262243524,-0.14964631791385133,-0.64360109406408927,-593.53523880568309,95.316610509580443,-65.836846591986401
0,-0.26443315236019171,-0.17368168612246621,-0.66124098465768033,-598.89471492511473,103.29094945862241,-67.94816193278777
0,-0.26798983712417257,-0.1883135175102196,-0.68011688619191224,-604.0662434326033,111.10185451276017,-70.171345739508993
0,-0.27419085341175531,-0.19548216575919763,-0.68310519757272103,-609.03761908934302,118.19866906148417,-72.532211165558095
0,-0.26677176807057978,-0.23593394918327787,-0.66779467781544899,-613.82885718040882,124.53780215533575,-74.882990049002288
0,-0.2570945912635218,-0.26134055426495006,-0.68101521003390419,-618.67797146236796,129.0720219398022,-76.74869104410206
0,-0.26438513213716963,-0.24720649883845508,-0.65091368903051383,-623.42617431613121,132.46381974582198,-77.902821939691847
0,-0.26994661892345267,-0.24548584895460956,-0.67082232012746246,-627.61355688451806,136.40643777123978,-77.990539745722671
0,-0.29495195703110744,-0.27693726405914865,-0.72174008811471624,-631.34020119606635,140.86379399411581,-77.496485771150418
0,-0.33345676132799673,-0.28824353765323379,-0.72856607930324468,-635.14518107645972,145.09441459470423,-76.161837194035385
0,-0.33011108519519705,-0.29241918388791044,-0.75470947137292022,-638.82566296881384,149.62197313523382,-73.960653474631854
0,-0.29909997667567734,-0.34217726549911942,-0.77623852423562822,-642.01609667193247,154.66577582171044,-71.137588127168669
0,-0.30718997900810963,-0.35495953894920745,-0.78061467181206534,-645.16248700473921,159.8331982395394,-69.194829314451809
0,-0.31147098110729865,-0.34146358505428676,-0.80655320463085878,-648.13423830426541,164.64287841558547,-67.580346383006628
0,-0.3453238829965688,-0.35231722654885805,-0.82789788416777288,-650.33881447383897,170.18459057402694,-65.724311744705972
0,-0.37579149469691192,-0.32508550389397228,-0.86210809575099556,-652.96393302645504,175.62313151662426,-63.236880570235378
0,-0.3882123452272207,-0.33657695350457506,-0.86689728617589601,-655.6375397238096,180.90181836496185,-60.572192513211839
0,-0.40739111070449863,-0.31191925815411758,-0.88920755755830638,-657.86678575142867,186.01263652846566,-57.484973261890651
0,-0.41765199963404875,-0.32372733233870582,-0.88928680180247577,-660.07410717628579,191.02737287561911,-54.236475935701584
0,-0.44488679967064387,-0.32735459910483522,-0.89335812162222816,-662.17069645865729,195.70463558805722,-50.836828342131426
0,-0.45439811970357946,-0.33461913919435171,-0.93002230946000541,-663.81362681279154,199.7801720292515,-47.265145507918284
0,-0.4639583077332215,-0.32415722527491658,-0.92702007851400481,-665.4082641315124,203.00915482632635,-43.971630957126457
0,-0.48656247695989935,-0.32474150274742497,-0.9293180706626043,-667.12343771836117,204.98223934369372,-40.879467861413815
0,-0.49790622926390943,-0.31926735247268251,-0.94138626359634392,-668.37409394652502,206.38001540932436,-37.852521075272435
0,-0.51411560633751852,-0.30334061722541428,-0.9762476372367096,-669.46368455187257,207.45501386839192,-34.439268967745193
0,-0.52870404570376661,-0.30800655550287281,-0.98362287351303868,-670.40731609668535,208.11151248155272,-30.891342070970676
0,-0.55783364113338996,-0.28620589995258555,-0.99426058616173485,-671.0675844870168,207.92236123339745,-26.997207863873609
0,-0.57905027702005096,-0.27258530995732699,-0.99283452754556134,-671.5708260383152,206.96512511005773,-22.968487077486248
0,-0.60014524931804591,-0.25532677896159428,-0.99355107479100524,-672.00474343448366,205.37861259905196,-18.720638369737625
0,-0.59913072438624138,-0.26679410106543483,-1.0141959673119048,-672.13326909103523,203.31675133914678,-14.275574532763862
0,-0.62621765194761725,-0.25611469095889133,-0.98477637058071421,-672.09094218193172,200.86307620523212,-9.7440170794874774
0,-0.6375958867528555,-0.24150322186300222,-1.0072987335226427,-672.03384796373859,197.75876858470892,-5.2456153715387295
0,-0.64283629807756992,-0.24535289967670199,-1.0065688601703784,-671.69046316736478,194.08089172623801,-0.78805383438485688
0,-0.64155266826981294,-0.2448176097090318,-1.0389119741533406,-671.22241685062829,190.25780255361423,3.8517515490536285
0,-0.64239740144283175,-0.24933584873812861,-1.0130207767380066,-670.68517516556551,186.27502229825282,8.496576394148267
0,-0.63515766129854856,-0.24340226386431574,-1.0567186990642059,-669.89065764900897,182.33652006842755,13.341918754733442
0,-0.64764189516869375,-0.25606203747788414,-1.0820468291577854,-668.85859188410814,178.60886806158479,18.123726879260097
0,-0.63787770565182444,-0.24745583373009572,-1.0818421462420069,-667.76573269569735,174.9129812554263,22.866354191334089
0,-0.64408993508664192,-0.24471025035708616,-1.0806579316178062,-666.42815942612765,171.2756831298837,27.347718772200682
0,-0.65668094157797774,-0.26123922532137756,-1.0895921384560256,-664.85834348351489,167.93511481689535,31.673946894980613
0,-0.63501284742018005,-0.23411530278923981,-1.120632924610423,-663.1345091351634,165.18460333520582,35.683552205482556
0,-0.66151156267816202,-0.21570377251031583,-1.1605696321493806,-661.22305822164708,163.08714300168523,39.4261969849343
0,-0.63036040641034585,-0.24413339525928424,-1.2065126689344425,-658.99675239948238,162.13842870151672,42.892577286440869
0,-0.66032436576931131,-0.23872005573335581,-1.2548614020409983,-656.43807715953415,162.87558583136504,46.377319557796781
0,-0.64329192919238021,-0.23784805016002022,-1.3293752618368984,-653.6112694435808,165.71602724822856,49.940587602017104
0,-0.58796273627314222,-0.19206324514401821,-1.3964377356532085,-650.59814249922272,170.82742452340571,53.306528841815393
0,-0.72916646264582807,-0.20285692062961638,-1.0567939620878877,-647.12932824930044,179.46468207106514,56.335875957633853
0,-0.85624981638124531,0.017428771433345258,-1.1511145658790989,-639.14239542437042,119.93921386395863,38.726288361870466
0,-0.57062483474312087,-0.18431410570998927,-1.236003109291189,-590.83215588193343,103.65829247756277,-108.87834047431659
0,-0.71356235126880874,-0.36588269513899035,-0.91240279836207017,-573.30994029374017,170.9144632298065,-239.88650642688495
0,-0.84220611614192786,-0.1292944256250913,-0.62116251852586313,-550.39994626436624,173.25001690682583,-359.01385578419649
0,-0.9359855045277351,0.08363501693741783,-0.7590462666732769,-512.01195163792966,158.02901521614328,-457.30147020577687
0,-1.0423869540749615,0.16027151524367605,-0.8831416400059493,-480.55475647413675,131.65911369452894,-514.11432318519917
0,-1.1381482586674654,0.13624436371930845,-0.59482747600535446,-438.24328082672309,122.73720232507605,-553.04389086667925
0,-0.91533343280071899,-0.0053800726526223863,-0.73534472840481913,-403.50395274405076,150.42648209256845,-578.19650178001132
0,-0.62380008952064703,0.029157934612639855,-0.53481025556433726,-392.59255746964573,154.7798338833116,-591.77885160201026
0,-0.36142008056858238,0.18924214115137589,-0.68132923000790357,-386.90030172268115,138.47285049498043,-596.58896644180936
0,-0.12527807251172413,0.37031792703623834,-0.81319630700711332,-368.30127155041305,134.50356544548239,-618.13106979762847
0,-0.31275026526055172,0.14628613433261448,-0.79487667630640191,-349.4891443953718,172.90120890093417,-644.93996281786576
0,-0.48147523873449655,-0.052342479100646988,-0.55938900867576169,-333.49122995583463,221.48308801084073,-665.16596653607928
0,-0.23332771486104686,-0.0061082311905822917,-0.70345010780818562,-324.08710696025116,223.58477920975668,-675.70436988247138
0,-0.0099949433749421668,-0.20549740807152408,-0.51010509702736706,-325.5933962642261,198.933301288781,-683.99393289422426
0,0.10200455096255207,-0.22694766726437168,-0.65909458732463033,-321.4850566378035,199.7959711599029,-683.4055396048019
0,0.18680409586629687,-0.24825290053793453,-0.48618512859216734,-308.32455097402317,223.24937404391261,-678.39998564432176
0,-0.031876313720332811,-0.31742761048414109,-0.23756661573295063,-298.68109587662087,238.91243663952136,-669.66398707988969
0,0.036311317651700467,-0.18768484943572697,-0.18180995415965556,-295.80098628895877,214.83819297556923,-657.41758837190082
0,0.15068018588653043,-0.022916364492154284,-0.083628958743690002,-295.56188766006289,175.0433736780123,-644.28582953471073
0,0.054612167297877379,0.055375271957061156,0.114733937130679,-293.68869889405659,148.80703631021109,-625.58924658123965
0,-0.047849049431910359,0.19983774476135507,0.28826054341761115,-291.25882900465098,121.49333267918999,-602.11532192311574
0,-0.022064144488719326,0.32585397028521956,0.43143448907585003,-290.56594610418585,86.075999411270999,-574.39778973080422
0,-0.050857730039847393,0.44026857325669766,0.49029104016826508,-289.43635149376729,46.864399470143908,-543.85401075772381
0,-0.023771957035862653,0.55324171593102789,0.42526193615143859,-288.93171634439057,4.147959523129515,-509.78560968195143
0,-0.048394761332276395,0.61391754433792511,0.46973574253629474,-288.9835447099515,-40.571836429183442,-473.33104871375627
0,-0.041555285199048754,0.69352578990413261,0.39976216828266525,-288.05519023895636,-85.953652786265096,-434.44894384238069
0,-0.001399756679143882,0.71817321091371933,0.25978595145439876,-286.74367121506077,-129.3152875076386,-394.09504945814263
0,0.040740218988770512,0.64235588982234737,0.10180735630895887,-284.88630409355471,-169.39575875687473,-352.32554451232835
0,0.021666197089893459,0.68112030084011266,0.062626620678062989,-282.0746736841993,-205.56618288118727,-309.88599006109553
0,-0.038500422619095878,0.67000827075610148,-0.024636041389743325,-279.01320631577937,-240.64356459306856,-268.17139105498597
0,-0.080650380357186302,0.60700744368049131,-0.13417243725076899,-276.01388568420145,-271.59120813376171,-227.34825194948738
0,-0.11958534232146767,0.53330669931244223,-0.19575519352569209,-272.29649711578134,-295.99908732038551,-188.50942675453865
0,-0.1086268080893209,0.48397602938119805,-0.27517967417312289,-267.60384740420318,-316.55817858834695,-151.42648407908479
0,-0.10276412728038882,0.43857842644307826,-0.35966170675581066,-262.86746266378287,-335.47536072951232,-116.16783567117632
0,-0.08948771455234994,0.39672058379877045,-0.47869553608022963,-257.84271639740462,-350.34282465656111,-82.807052104058684
0,-0.054538943097114941,0.33904852541889341,-0.57782598247220662,-252.49144475766414,-360.64954219090504,-50.935346893652813
0,-0.025085048787403447,0.26714367287700402,-0.66004338422498599,-246.69930028189773,-365.92558797181454,-20.402812204287535
0,-0.0065765439086631038,0.21742930558930362,-0.74103904580248747,-240.85837025370796,-368.33902917463308,8.3444690161412183
0,0.090081110482203214,0.17468637503037326,-0.8669351412222388,-234.92453322833717,-366.61512625716978,35.010022114527096
0,0.1300729994339829,0.10521773752733594,-0.96424162710001504,-228.55407990550344,-357.75261363145279,60.021019903074389
0,0.21606569949058463,0.0076959637746023407,-1.0678174643900136,-221.50967191495312,-340.42235226830752,83.250917912766951
0,0.2904591295415262,-0.070073632602857899,-1.1610357179510122,-215.62670472345781,-322.03211704147674,104.12082612149027
0,0.34441321658737362,-0.13006626934257212,-1.2299321461559112,-210.41803425111203,-301.61590533732902,122.92874350934125
0,0.35997189492863624,-0.19105964240831491,-1.2909389315403201,-205.29723082600083,-277.74131480359608,139.48986915840712
0,0.38197470543577261,-0.24695367816748343,-1.3358450383862881,-200.77950774340076,-251.07718332323648,154.0838822425664
0,0.19677723489219537,-0.27725831035073512,-1.3202605345476592,-195.96355696906068,-221.95746499091283,166.96849401830977
0,0.22009951140297584,-0.44953247931566165,-1.3232344810928933,-191.8372012721546,-190.70671849182153,177.99164461647879
0,0.31308956026267826,-0.53357923138409546,-1.3339110329836041,-189.06848114493914,-159.12404664263937,187.20448015483092
0,0.31278060423641041,-0.63222130824568601,-1.3025199296852439,-186.82063303044524,-128.28464197837545,193.27703213934782
0,0.32450254381276938,-0.71999917742111741,-1.2682679367167196,-185.43756972740073,-97.883177780537892,196.53432892541306
0,0.34805228943149247,-0.82799925967900578,-1.2224411430450477,-185.39981275466067,-68.490860002484112,197.07589603287175
0,0.34024706048834324,-0.93719933371110531,-1.1451970287405429,-186.40883147919462,-40.5867740022357,194.84430642958458
0,0.3062223544395089,-1.0434794003399948,-1.0426773258664885,-188.45094833127516,-15.790096602012134,189.40287578662614
0,0.26660011899555802,-1.1151314603059952,-0.94140959327983975,-191.83785349814764,3.6789130581890799,180.45058820796353
0,0.21494010709600223,-1.1586183142753956,-0.81926863395185578,-196.78206814833288,18.091021752370175,169.27752938716719
0,0.104446096386402,-1.1947564828478563,-0.76134177055667029,-202.95186133349961,28.153919577133159,156.29477644845048
0,0.042001486747761788,-1.1942808345630707,-0.68620759350100324,-210.53467520014965,32.009527619419842,141.25629880360543
0,-0.027198661927014395,-1.1838527511067636,-0.630586834150903,-218.16420768013469,33.412574857477857,124.68566892324489
0,-0.20347879573431299,-1.1474674759960872,-0.57952815073581276,-225.18878691212123,34.797317371730074,107.16210203092041
0,-0.32113091616088169,-1.0807207283964786,-0.54457533566223149,-232.15190822090912,36.976585634557068,90.512891827828383
0,-0.3940178245447935,-1.0466486555568308,-0.43811780209600837,-238.89971739881821,37.662927071101365,75.424602645045539
0,-0.41161604209031416,-1.0279837900011477,-0.34730602188640758,-245.86974565893641,35.542634363991233,60.547142380540983
0,-0.46445443788128271,-1.0361854110010329,-0.29057541969776679,-253.58777109304279,30.366370927592111,45.559428142486887
0,-0.48500899409315446,-0.98856686990092968,-0.22851787772799012,-261.3449939837385,22.7567338348329,30.680485328238198
0,-0.52050809468383896,-0.97471018291083666,-0.21666608995519113,-269.26549458536465,13.518060451349609,15.612436795414379
0,-0.51845728521545509,-0.98223916461975302,-0.184999480959672,-277.35094512682815,2.5682544062146473,0.23419311587294089
0,-0.5486115566939096,-0.95401524815777772,-0.17449953286370481,-285.70085061414534,-9.8595710344068159,-15.630226195714354
0,-0.57575040102451869,-0.92861372334199987,-0.15704957957733434,-293.99676555273078,-23.416613930966136,-31.567203576142919
0,-0.62417536092206682,-0.96575235100779988,-0.17934462161960091,-302.59108899745775,-37.604952537869522,-47.233483218528633
0,-0.67875782482986013,-0.94517711590701992,-0.14341015945764082,-311.45398009771202,-51.984457284082573,-62.669134896675772
0,-0.6798820423468741,-0.93565940431631789,-0.098069143511876733,-320.13758208794081,-66.188011555674308,-78.353221407008192
0,-0.68189383811218662,-0.95409346388468608,-0.12826222916068908,-329.08082387914675,-80.148210400106876,-93.761899266307381
0,-0.69670445430096795,-0.93068411749621749,-0.14043600624462019,-337.6847414912321,-93.615389360096188,-108.69070933967666
0,-0.71203400887087109,-0.92661570574659569,-0.16539240562015817,-346.41626734210888,-106.60785042408656,-123.27263840570899
0,-0.74383060798378398,-0.90695413517193613,-0.21785316505814234,-354.96964060789799,-118.34306538167792,-137.23837456513809
0,-0.70744754718540559,-0.91125872165474253,-0.22906784855232812,-363.39967654710824,-128.73475884351012,-150.56953710862427
0,-0.69670279246686495,-0.90613284948926831,-0.36716106369709534,-371.54770889239745,-137.1112829591591,-163.71958339776185
0,-0.73603251322017849,-0.84251956454034149,-0.46744495732738583,-377.40493800315772,-138.85715466324319,-176.79862505798567
0,-0.59842926189816059,-0.8502676080863073,-0.55070046159464725,-381.78644420284195,-136.86143919691887,-187.12476255218712
0,-0.57558633570834461,-0.8832408472776766,-0.54563041543518254,-386.76679978255777,-131.71829527722699,-200.05228629696842
0,-0.61002770213751012,-0.75391676254990891,-0.47406737389166426,-391.52311980430198,-126.16846574950429,-213.6630576672716
0,-0.60502493192375917,-0.72452508629491807,-0.53666063650249785,-393.67580782387182,-117.00261917455386,-225.28475190054445
0,-0.5655224387313833,-0.74107257766542622,-0.51499457285224803,-396.41822704148467,-105.37535725709847,-235.64627671048999
0,-0.54697019485824505,-0.7539653198988836,-0.52249511556702322,-400.7764043373362,-95.386821531388634,-247.782649039441
